<?xml version='1.0' encoding='UTF-8'?><backup><mac>08:FC:88:52:19:D6</mac><userID>3</userID><contact>       <contact_name>Free Main Help</contact_name>       <contact_number>*000</contact_number></contact><contact>       <contact_name>Free Info Help</contact_name>       <contact_number>*100</contact_number></contact><contact>       <contact_name>Big Sweep</contact_name>       <contact_number>*101</contact_number></contact><contact>       <contact_name>Big Sweep</contact_name>       <contact_number>*102</contact_number></contact><contact>       <contact_name>4D Wed</contact_name>       <contact_number>*103</contact_number></contact><contact>       <contact_name>TOTO</contact_name>       <contact_number>*104</contact_number></contact><contact>       <contact_name>Horseracing</contact_name>       <contact_number>*105</contact_number></contact><contact>       <contact_name>4D SAT</contact_name>       <contact_number>*106</contact_number></contact><contact>       <contact_name>4D SUN</contact_name>       <contact_number>*107</contact_number></contact><contact>       <contact_name>Finance</contact_name>       <contact_number>*200</contact_number></contact><contact>       <contact_name>Sports</contact_name>       <contact_number>*300</contact_number></contact><contact>       <contact_name>Leisure</contact_name>       <contact_number>*400</contact_number></contact><contact>       <contact_name>My Star Signs</contact_name>       <contact_number>*450</contact_number></contact><contact>       <contact_name>Downloads</contact_name>       <contact_number>*500</contact_number></contact><contact>       <contact_name>LBS</contact_name>       <contact_number>*600</contact_number></contact><contact>       <contact_name>3GTV</contact_name>       <contact_number>*880</contact_number></contact><contact>       <contact_name>One Voice</contact_name>       <contact_number>*988</contact_number></contact><contact>       <contact_name>Duc M. le</contact_name>       <contact_number>+1-213-327-9422</contact_number></contact><contact>       <contact_name>Chinmay Bijwe</contact_name>       <contact_number>+1-412-736-3565</contact_number></contact><contact>       <contact_name>Réda Berrada</contact_name>       <contact_number>+14383809895</contact_number></contact><contact>       <contact_name>Baba</contact_name>       <contact_number>+212 671-545103</contact_number></contact><contact>       <contact_name>anissa Salhi</contact_name>       <contact_number>+21206 68 53 93 63</contact_number></contact><contact>       <contact_name>anissa Salhi</contact_name>       <contact_number>+212537659548</contact_number></contact><contact>       <contact_name>Nacim Ayachi</contact_name>       <contact_number>+33625410489</contact_number></contact><contact>       <contact_name>Alexandre</contact_name>       <contact_number>+33632309096</contact_number></contact><contact>       <contact_name>Jérémie Tournois</contact_name>       <contact_number>+33633134506</contact_number></contact><contact>       <contact_name>Chawki</contact_name>       <contact_number>+33679499243</contact_number></contact><contact>       <contact_name>Maria Spain</contact_name>       <contact_number>+34 608 97 87 75</contact_number></contact><contact>       <contact_name>Gerlene</contact_name>       <contact_number>+65 9656 1257</contact_number></contact><contact>       <contact_name>Gerlene</contact_name>       <contact_number>+65 9656 1257</contact_number></contact><contact>       <contact_name>Howie Innova</contact_name>       <contact_number>+65 9699 4468</contact_number></contact><contact>       <contact_name>Moe Flate Mate</contact_name>       <contact_number>+65 9755 0905</contact_number></contact><contact>       <contact_name>Joosion</contact_name>       <contact_number>+6581827821</contact_number></contact><contact>       <contact_name>VoiceMail</contact_name>       <contact_number>+6596301389</contact_number></contact><contact>       <contact_name>Sapan India</contact_name>       <contact_number>+91 99 24 951619</contact_number></contact><contact>       <contact_name>ICC-Indonesia</contact_name>       <contact_number>00180165</contact_number></contact><contact>       <contact_name>ICC-Thailand</contact_name>       <contact_number>001999650000</contact_number></contact><contact>       <contact_name>Yann St</contact_name>       <contact_number>0296047648</contact_number></contact><contact>       <contact_name>Jérémie Tournois</contact_name>       <contact_number>0633134506</contact_number></contact><contact>       <contact_name>Yann St</contact_name>       <contact_number>0668162693</contact_number></contact><contact>       <contact_name>sandip roy</contact_name>       <contact_number>07446241694</contact_number></contact><contact>       <contact_name>ICC-UK</contact_name>       <contact_number>08006530065</contact_number></contact><contact>       <contact_name>ICC-Taiwan</contact_name>       <contact_number>0809096565</contact_number></contact><contact>       <contact_name>Directory Assist</contact_name>       <contact_number>100</contact_number></contact><contact>       <contact_name>ICC-Philippines</contact_name>       <contact_number>10565</contact_number></contact><contact>       <contact_name>ICC-China</contact_name>       <contact_number>108650</contact_number></contact><contact>       <contact_name>Cust Care</contact_name>       <contact_number>1688</contact_number></contact><contact>       <contact_name>3G Hotline</contact_name>       <contact_number>18004844688</contact_number></contact><contact>       <contact_name>ICC-Australia</contact_name>       <contact_number>1800551165</contact_number></contact><contact>       <contact_name>ICC-Canada</contact_name>       <contact_number>18006656002</contact_number></contact><contact>       <contact_name>ICC-Malaysia</contact_name>       <contact_number>1800800065</contact_number></contact><contact>       <contact_name>ICC-USA</contact_name>       <contact_number>18008226588</contact_number></contact><contact>       <contact_name>Justin Liang</contact_name>       <contact_number>4165408816</contact_number></contact><contact>       <contact_name>Youssef Brahim</contact_name>       <contact_number>4389923779</contact_number></contact><contact>       <contact_name>Juliette Audrey Freind</contact_name>       <contact_number>5146182876</contact_number></contact><contact>       <contact_name>Aboubakr Chebli</contact_name>       <contact_number>5146992659</contact_number></contact><contact>       <contact_name>Jonhatan Lim</contact_name>       <contact_number>6387 1975</contact_number></contact><contact>       <contact_name>Moe Flate Mate</contact_name>       <contact_number>6597550905</contact_number></contact><contact>       <contact_name>ICC-Hong Kong</contact_name>       <contact_number>800960065</contact_number></contact><contact>       <contact_name>Benn</contact_name>       <contact_number>8102 8557</contact_number></contact><contact>       <contact_name>Sumeet Jauhar</contact_name>       <contact_number>83560742</contact_number></contact><contact>       <contact_name>Uma</contact_name>       <contact_number>8368 1185</contact_number></contact><contact>       <contact_name>Victor</contact_name>       <contact_number>8423 2842</contact_number></contact><contact>       <contact_name>Lenny</contact_name>       <contact_number>9006 3472</contact_number></contact><contact>       <contact_name>Jonhatan Lim</contact_name>       <contact_number>9048 8548</contact_number></contact><contact>       <contact_name>Amelia Wee</contact_name>       <contact_number>9151 9331</contact_number></contact><contact>       <contact_name>Candice</contact_name>       <contact_number>9155 3565</contact_number></contact><contact>       <contact_name>Sin Yao</contact_name>       <contact_number>9159 7873</contact_number></contact><contact>       <contact_name>Rick Tan</contact_name>       <contact_number>9178 8192</contact_number></contact><contact>       <contact_name>Denis Flate Mate</contact_name>       <contact_number>9339 743</contact_number></contact><contact>       <contact_name>michael</contact_name>       <contact_number>9642 0357</contact_number></contact><contact>       <contact_name>Me</contact_name>       <contact_number>96614139</contact_number></contact><contact>       <contact_name>Vivian Tenant</contact_name>       <contact_number>9722 9589</contact_number></contact><contact>       <contact_name>Kheng Meng</contact_name>       <contact_number>9739 0391</contact_number></contact><contact>       <contact_name>Rachel Cute</contact_name>       <contact_number>9769 5695</contact_number></contact><contact>       <contact_name>Ryohei</contact_name>       <contact_number>9771 7543</contact_number></contact><contact>       <contact_name>Erman Kasuandi</contact_name>       <contact_number>97776665</contact_number></contact><contact>       <contact_name>Yuqing</contact_name>       <contact_number>98218057</contact_number></contact><contact>       <contact_name>Jingo</contact_name>       <contact_number>‪+33 6 48 24 93 55‬</contact_number></contact><contact>       <contact_name>Howie Chang</contact_name>       <contact_number>‪+65 9699 4468‬</contact_number></contact><contact>       <contact_name>Moe Flate Mate</contact_name>       <contact_number>‪+65 9755 0905‬</contact_number></contact><contact>       <contact_name>Moe Flate Mate</contact_name>       <contact_number>‪+65 9755 0905‬</contact_number></contact></backup>